id;etljobstart;etljobsessiond;createdt;updatedt;createusr;updateusr;wfstate;wfprocid;scsyscustid;scname;scmidname;scsurname;scbirthdate;sccommtitle;scaddresstype;scaddress;sccity;scnationality;scnationalid;scidtype;scidno;scgender;saorgid;saorgname;sasyscode;sabranchcode;saname;rcsyscustid;rcname;rcmidname;rcsurname;rcbirthdate;rccommtitle;rcaddresstype;rcaddress;rccity;rcnationality;rcnationalid;rcidtype;rcidno;rcgender;raorgid;raorgname;rasyscode;rabranchcode;raname;txnchanneltype;txnsysid;txnprodtype;txnprodname;txnamount;txndescr;txnentitiesupd;txnagentorgid;txnagentbrachid;txnagenttype;txnagentaccid;txnorderdate;txnvaluedate
1;2020-11-05T16:59:44;Ball;2020-11-05T16:12:12;2020-11-06T10:35:05;24008;9662;Money Market Account Salad;90906;responsive Home Loan Account;Avon Hat bricks-and-clicks;Personal Loan Account Concrete;application;2020-11-05;Direct Corporate National;DIGER;grey Shirt relationships;Georgia pink;Unbranded turquoise definition;bypassing Technician Cyprus;GOCMENSERT;Croatia;Tasty Soft Mouse override redundant;52804;overriding;Bahrain;Auto Loan Account Mill;Steel;Curve wireless Indiana;Berkshire;Sleek;strategic monetize;2020-11-05;Greece;IS;Berkshire;virtual JSON;Louisiana Managed invoice;Computer Gloves Director;NUFUSCUZDAN;Web;pixel North Dakota Synchronised;33690;Investment Account;Refined Metal Bacon;Auto Loan Account Nevada;Missouri Buckinghamshire;Pennsylvania Ferry;West Virginia Sausages;HISSESENEDI;Producer Organic Investment Account;75812;matrix;Integration Practical repurpose;76653;Cambridgeshire;Bedfordshire Sri Lanka transmitter;Mobility Ohio;2020-11-06T08:56:01;2020-11-05T19:27:35
2;2020-11-06T00:23:50;Pound Sterling;2020-11-06T11:03:11;2020-11-05T17:43:52;47281;95379;Valley;64912;even-keeled Incredible Frozen Pizza;salmon;Borders customized generating;PCI;2020-11-06;Prairie Guinea connecting;IS;Rustic Metal Computer;Alley deposit;web-readiness;Shoes navigate Slovenia;DOGUMSERT;tan Bike;innovate;71926;Alabama Customer Alley;River back-end Chair;yellow frame Personal Loan Account;Gloves;black;revolutionary back up;portals incentivize systems;Ergonomic orange transmitting;2020-11-05;Lek;IS;bypassing Credit Card Account Bedfordshire;sensor withdrawal Front-line;web-enabled;firewall;NUFUSCUZDAN;Avenue;Fresh;25539;Identity EXE;Networked back up;quantify;web-enabled multi-byte;Analyst technologies;generate system engine programming;KREDIKARTI;Home Loan Account;90216;Gorgeous Hills;payment;89217;Investor;Chief THX Home Loan Account;Auto Loan Account Chicken Directives;2020-11-05T18:15:40;2020-11-06T02:54:46
3;2020-11-05T18:04:40;deposit Glens Investment Account;2020-11-05T23:32:15;2020-11-05T13:13:32;97844;92197;Checking Account Gloves Forward;12589;Frozen Orchestrator;Sausages payment;Rubber Zambian Kwacha USB;RSS platforms;2020-11-05;Wooden real-time Tunisian Dinar;IKAMET;Bulgaria AGP Pants;superstructure;card Practical Bedfordshire;Credit Card Account;DOGUMSERT;deposit;project UAE Dirham Metal;85229;red supply-chains;Towels Refined Rubber Fish;Rest;Applications;Paradigm networks Industrial;bypass e-enable withdrawal;payment;strategic Delaware override;2020-11-06;online Pines optical;SIRKET;Assistant;functionalities;RSS sensor Regional;SMS 1080p European Unit of Account 9(E.U.A.-9);NUFUSCUZDAN;Marketing Oklahoma Mississippi;e-commerce Creek Integration;86986;deposit port;reboot Intelligent Dynamic;Bedfordshire Buckinghamshire;optical projection;granular;turquoise Tasty Wooden Chair;WESTERNUNION;Customer;84213;Interactions virtual implementation;Credit Card Account Tanzania;95960;Florida Tasty Rubber Chicken Forward;Facilitator Chicken Turnpike;French Southern Territories Future quantify;2020-11-05T23:49:12;2020-11-05T23:15:19
4;2020-11-06T07:21:41;focus group Soft schemas;2020-11-06T01:16:01;2020-11-05T17:19:05;17784;80140;Berkshire;5996;Beauty Manager;Electronics Customer synergies;Savings Account HTTP;channels;2020-11-06;azure installation Colombian Peso Unidad de Valor Real;SIRKET;Metal Unions Auto Loan Account;Credit Card Account Cambridgeshire;circuit Home Walks;Cambridgeshire Personal Loan Account;PASAPORT;Architect;Berkshire silver;95412;brand Principal;engage hack protocol;context-sensitive success Norwegian Krone;Industrial;regional;web services;dynamic Savings Account;matrix;2020-11-06;Fresh deposit;IS;Wooden;program partnerships maroon;Rustic Granite Cheese;driver;GOCMENSERT;clear-thinking JSON Cambridgeshire;Fantastic Administrator matrices;78007;Mexican Peso Mexican Unidad de Inversion (UDI);Toys;Liaison moratorium backing up;Metrics withdrawal;Michigan visualize;SMTP card;HISSESENEDI;Music;79986;Granite Flats EXE;Compatible Fantastic;29628;Small Metal Bacon card Practical;Orchestrator IB violet;enable;2020-11-05T14:17:22;2020-11-05T12:31:28
5;2020-11-05T22:03:55;methodology Avon viral;2020-11-05T23:10:36;2020-11-06T10:35:20;94978;98472;Developer Checking Account directional;33187;Fantastic Granite Computer reintermediate;radical AI;Pennsylvania;Auto Loan Account firewall;2020-11-05;analyzing teal;IS;Latvia Regional Frozen;withdrawal upward-trending;connect Investment Account exploit;Practical Wooden Sausages back up backing up;GOCMENSERT;matrix facilitate niches;bleeding-edge dynamic;7066;Fantastic Metal Pizza sensor circuit;sticky Customizable Virgin Islands, British;one-to-one Steel;Awesome;Fantastic Metal Ball fresh-thinking index;programming framework sensor;Manager panel iterate;1080p driver;2020-11-06;e-business;IS;blue neural Won;1080p red;array;Rwanda Rustic Frozen Pants;GOCMENSERT;moratorium Solutions;Ergonomic;26033;expedite navigating AGP;salmon Synergistic Ball;Senior;Distributed Cotton;infrastructure;Automotive Identity;TICARIKREDI;hacking Clothing deposit;13188;technologies Gorgeous Fresh Table Bedfordshire;Berkshire;94429;Plastic;Brunei Darussalam deposit Music;Plastic;2020-11-06T01:25:06;2020-11-05T19:37:41
6;2020-11-05T16:24:21;customized Executive digital;2020-11-06T08:31:12;2020-11-06T10:33:55;57936;69696;PNG Creative;79691;web services strategy;Gorgeous compressing;Money Market Account Unbranded Cotton Salad;Gorgeous Money Market Account;2020-11-05;Factors Mobility Harbors;DIGER;local;red vortals Investment Account;RAM compress Unions;e-services Concrete Cayman Islands Dollar;PASAPORT;leverage Wooden;optimizing 6th generation;44381;expedite driver;Jewelery Crossroad Shirt;Engineer;Vatu Tennessee;Awesome Steel Bacon Senior connect;input Kansas Tasty;Paradigm Bedfordshire deploy;payment;2020-11-06;proactive;IS;generate redefine;Specialist;Illinois hacking;Auto Loan Account Guinea SQL;DOGUMSERT;Bermuda;calculating solution navigate;89721;dynamic Developer Officer;Group override turquoise;optimizing;Towels Hat Investment Account;Stravenue client-server Practical Plastic Shirt;Plastic Soft parsing;VADESIZMEVDUAT;Customer-focused platforms application;71939;parsing Home Loan Account;Uruguay Face to face CFP Franc;64485;Intelligent Frozen Car Product;Singapore;wireless Rapids generate;2020-11-05T15:19:08;2020-11-06T06:02:47
7;2020-11-05T14:18:01;magenta;2020-11-06T09:27:19;2020-11-06T11:46:09;38214;17283;synthesizing Liaison;15518;port Village Keys;Concrete digital;Central connecting;CFA Franc BEAC;2020-11-05;Jamaica Buckinghamshire;DIGER;Sausages copying;navigate;programming;Squares Synergistic;GOCMENSERT;Towels;Personal Loan Account;5051;Extension;Rustic Soft Soap Internal sensor;Centers Berkshire;withdrawal contextually-based fault-tolerant;incentivize;Producer Parkway Director;transmitter;International Senegal Chips;2020-11-06;Home Loan Account Small Human;SIRKET;optimize Plastic;Tuna Credit Card Account redundant;Ameliorated;Human Gorgeous withdrawal;DIGER;conglomeration orchestration;Associate architectures Salad;12840;optimizing;Planner functionalities Sausages;Macao Designer;Analyst;Intelligent;supply-chains;DEGERLIMADEN;Rhode Island content Function-based;73495;Ergonomic Rubber Chicken Salad;Data channels;91207;Technician Auto Loan Account;connect;Ameliorated;2020-11-05T17:20:26;2020-11-06T03:16:19
8;2020-11-06T00:32:06;ivory;2020-11-05T17:02:18;2020-11-06T08:44:07;83111;15254;Strategist Manat Designer;23801;success;Sleek navigating focus group;Group wireless;fault-tolerant;2020-11-05;Implementation Practical cross-media;DIGER;Savings Account;1080p e-enable Bedfordshire;Front-line;Buckinghamshire Designer;GOCMENSERT;IB ivory;Tasty e-tailers discrete;31826;Grass-roots sexy;value-added projection architecture;transmit parsing;withdrawal;lime;District Salad;Handcrafted Illinois;circuit index West Virginia;2020-11-06;intranet Extended Concrete;IS;Plastic;Frozen index Bedfordshire;backing up;Credit Card Account sensor matrices;DIGER;Islands Dynamic;Vatu reintermediate navigating;71148;Guarani;Ball Quetzal;lime multimedia;Human SCSI;rich;Panama Savings Account Generic Plastic Keyboard;TICARIKREDI;Shoal Avenue Awesome;86312;payment function back-end;Frozen;50189;Home Loan Account connecting 1080p;Bosnia and Herzegovina program;View connecting;2020-11-06T12:27:13;2020-11-06T01:55:57
9;2020-11-06T09:30:46;Sleek Soft Shoes robust;2020-11-05T22:41:59;2020-11-06T00:53:01;52876;88538;Rustic Fresh Computer Functionality;51189;Web Borders;auxiliary cross-platform programming;Supervisor Central;Technician Terrace;2020-11-06;bricks-and-clicks;SIRKET;portals National;Architect open-source Plastic;Intelligent protocol;Quality;NUFUSCUZDAN;Garden multi-byte wireless;Borders Borders indexing;39322;compress Tanzania Berkshire;standardization Investor;Steel Future;dynamic;Movies parsing;firmware;driver;Customizable;2020-11-06;cross-platform Gloves;IKAMET;invoice Steel Music;array circuit Georgia;bleeding-edge human-resource Tools;withdrawal quantify Awesome;PASAPORT;Awesome Wooden Chips methodologies;parse backing up;25103;magenta Corporate De-engineered;middleware;SMTP Supervisor;Car Seychelles Buckinghamshire;wireless;synergize;DEGERLIMADEN;bluetooth Shirt SMS;51034;Borders;Administrator Alaska;40807;payment Licensed;Licensed Metal Pants engage circuit;microchip;2020-11-06T09:34:07;2020-11-05T12:36:33
10;2020-11-06T03:09:36;Credit Card Account;2020-11-05T20:22:58;2020-11-05T19:03:35;9314;61156;monitor;34111;hacking content Island;Towels Direct;Engineer RAM monitor;bluetooth Checking Account;2020-11-06;Bedfordshire calculating systematic;IKAMET;Cambridgeshire programming Auto Loan Account;Idaho Designer Awesome Rubber Car;Analyst Architect Representative;New Taiwan Dollar best-of-breed;GOCMENSERT;Strategist;neural infomediaries Usability;19137;Awesome copy;Savings Account;Chair application El Salvador Colon US Dollar;orchestrate mindshare;convergence;North Carolina;Orchestrator ivory grow;intangible;2020-11-06;ivory;IKAMET;transmit Berkshire;deposit;recontextualize;background bandwidth Practical Fresh Keyboard;GOCMENSERT;Shore maximized Metrics;Electronics Markets auxiliary;12674;ubiquitous;Svalbard & Jan Mayen Islands;24/365;Games;Analyst;Integration schemas;KREDIKARTI;Steel disintermediate;72775;deposit mindshare;Key Hat Namibia;41437;back up India Bedfordshire;driver Road sensor;Configuration;2020-11-05T20:12:57;2020-11-06T00:49:33
